{
    "accuracy": 0.9942716857610474,
    "precision": 0.9960940380314116,
    "recall": 0.9925109176836564,
    "f1_score": 0.9942779654089012
}