{
    "accuracy": 0.9992615721310264,
    "precision": 0.9927109176826554,
    "recall": 0.9942716857610474,
    "f1_score": 0.9902772354499123
}
